Insert into HA (ID,NAME) values (1,'Люлин 515 Д');
Insert into HA (ID,NAME) values (2,'Люлин 423 Б');

Insert into BUILDING (BUILDING_ID,BUILDING_NUM,ENTRANCE_ID,POST_CODE,HAID) values (1359423,423,2,1359,2);
Insert into BUILDING (BUILDING_ID,BUILDING_NUM,ENTRANCE_ID,POST_CODE,HAID) values (1359515,515,5,1359,1);

Insert into APARTMENTS (AP_ID,AP_NUMBER,AP_FLOOR,IDEAL_PART,BUILDING_ID,ENTRANCE_ID) values (1359423025,25,1,1.142,1359423,2);
Insert into APARTMENTS (AP_ID,AP_NUMBER,AP_FLOOR,IDEAL_PART,BUILDING_ID,ENTRANCE_ID) values (1359423026,26,1,1.434,1359423,2);
Insert into APARTMENTS (AP_ID,AP_NUMBER,AP_FLOOR,IDEAL_PART,BUILDING_ID,ENTRANCE_ID) values (1359423027,27,2,1.132,1359423,2);
Insert into APARTMENTS (AP_ID,AP_NUMBER,AP_FLOOR,IDEAL_PART,BUILDING_ID,ENTRANCE_ID) values (1359423028,28,2,0.808,1359423,2);
Insert into APARTMENTS (AP_ID,AP_NUMBER,AP_FLOOR,IDEAL_PART,BUILDING_ID,ENTRANCE_ID) values (1359423029,29,2,1.554,1359423,2);
Insert into APARTMENTS (AP_ID,AP_NUMBER,AP_FLOOR,IDEAL_PART,BUILDING_ID,ENTRANCE_ID) values (1359423030,30,3,1.152,1359423,2);
Insert into APARTMENTS (AP_ID,AP_NUMBER,AP_FLOOR,IDEAL_PART,BUILDING_ID,ENTRANCE_ID) values (1359423031,31,3,0.832,1359423,2);
Insert into APARTMENTS (AP_ID,AP_NUMBER,AP_FLOOR,IDEAL_PART,BUILDING_ID,ENTRANCE_ID) values (1359423032,32,3,1.581,1359423,2);
Insert into APARTMENTS (AP_ID,AP_NUMBER,AP_FLOOR,IDEAL_PART,BUILDING_ID,ENTRANCE_ID) values (1359423033,33,4,1.124,1359423,2);
Insert into APARTMENTS (AP_ID,AP_NUMBER,AP_FLOOR,IDEAL_PART,BUILDING_ID,ENTRANCE_ID) values (1359423034,34,4,0.822,1359423,2);
Insert into APARTMENTS (AP_ID,AP_NUMBER,AP_FLOOR,IDEAL_PART,BUILDING_ID,ENTRANCE_ID) values (1359423035,35,4,1.539,1359423,2);
Insert into APARTMENTS (AP_ID,AP_NUMBER,AP_FLOOR,IDEAL_PART,BUILDING_ID,ENTRANCE_ID) values (1359423036,36,5,1.118,1359423,2);
Insert into APARTMENTS (AP_ID,AP_NUMBER,AP_FLOOR,IDEAL_PART,BUILDING_ID,ENTRANCE_ID) values (1359423037,37,5,0.812,1359423,2);
Insert into APARTMENTS (AP_ID,AP_NUMBER,AP_FLOOR,IDEAL_PART,BUILDING_ID,ENTRANCE_ID) values (1359423038,38,5,1.523,1359423,2);
Insert into APARTMENTS (AP_ID,AP_NUMBER,AP_FLOOR,IDEAL_PART,BUILDING_ID,ENTRANCE_ID) values (1359423039,39,6,1.1,1359423,2);
Insert into APARTMENTS (AP_ID,AP_NUMBER,AP_FLOOR,IDEAL_PART,BUILDING_ID,ENTRANCE_ID) values (1359423040,40,6,0.804,1359423,2);
Insert into APARTMENTS (AP_ID,AP_NUMBER,AP_FLOOR,IDEAL_PART,BUILDING_ID,ENTRANCE_ID) values (1359423041,41,6,1.503,1359423,2);
Insert into APARTMENTS (AP_ID,AP_NUMBER,AP_FLOOR,IDEAL_PART,BUILDING_ID,ENTRANCE_ID) values (1359423042,42,7,1.088,1359423,2);
Insert into APARTMENTS (AP_ID,AP_NUMBER,AP_FLOOR,IDEAL_PART,BUILDING_ID,ENTRANCE_ID) values (1359423043,43,7,0.794,1359423,2);
Insert into APARTMENTS (AP_ID,AP_NUMBER,AP_FLOOR,IDEAL_PART,BUILDING_ID,ENTRANCE_ID) values (1359423044,44,7,1.487,1359423,2);
Insert into APARTMENTS (AP_ID,AP_NUMBER,AP_FLOOR,IDEAL_PART,BUILDING_ID,ENTRANCE_ID) values (1359423045,45,8,1.028,1359423,2);
Insert into APARTMENTS (AP_ID,AP_NUMBER,AP_FLOOR,IDEAL_PART,BUILDING_ID,ENTRANCE_ID) values (1359423046,46,8,0.741,1359423,2);
Insert into APARTMENTS (AP_ID,AP_NUMBER,AP_FLOOR,IDEAL_PART,BUILDING_ID,ENTRANCE_ID) values (1359423047,47,8,1.402,1359423,2);
Insert into APARTMENTS (AP_ID,AP_NUMBER,AP_FLOOR,IDEAL_PART,BUILDING_ID,ENTRANCE_ID) values (1359515097,97,1,0.691,1359515,5);
Insert into APARTMENTS (AP_ID,AP_NUMBER,AP_FLOOR,IDEAL_PART,BUILDING_ID,ENTRANCE_ID) values (1359515098,98,1,0.688,1359515,5);
Insert into APARTMENTS (AP_ID,AP_NUMBER,AP_FLOOR,IDEAL_PART,BUILDING_ID,ENTRANCE_ID) values (1359515099,99,2,0.548,1359515,5);
Insert into APARTMENTS (AP_ID,AP_NUMBER,AP_FLOOR,IDEAL_PART,BUILDING_ID,ENTRANCE_ID) values (1359515100,100,2,0.442,1359515,5);
Insert into APARTMENTS (AP_ID,AP_NUMBER,AP_FLOOR,IDEAL_PART,BUILDING_ID,ENTRANCE_ID) values (1359515101,101,2,0.759,1359515,5);
Insert into APARTMENTS (AP_ID,AP_NUMBER,AP_FLOOR,IDEAL_PART,BUILDING_ID,ENTRANCE_ID) values (1359515102,102,3,0.558,1359515,5);
Insert into APARTMENTS (AP_ID,AP_NUMBER,AP_FLOOR,IDEAL_PART,BUILDING_ID,ENTRANCE_ID) values (1359515103,103,3,0.429,1359515,5);
Insert into APARTMENTS (AP_ID,AP_NUMBER,AP_FLOOR,IDEAL_PART,BUILDING_ID,ENTRANCE_ID) values (1359515104,104,3,0.773,1359515,5);
Insert into APARTMENTS (AP_ID,AP_NUMBER,AP_FLOOR,IDEAL_PART,BUILDING_ID,ENTRANCE_ID) values (1359515105,105,4,0.543,1359515,5);
Insert into APARTMENTS (AP_ID,AP_NUMBER,AP_FLOOR,IDEAL_PART,BUILDING_ID,ENTRANCE_ID) values (1359515106,106,4,0.417,1359515,5);
Insert into APARTMENTS (AP_ID,AP_NUMBER,AP_FLOOR,IDEAL_PART,BUILDING_ID,ENTRANCE_ID) values (1359515107,107,4,0.752,1359515,5);
Insert into APARTMENTS (AP_ID,AP_NUMBER,AP_FLOOR,IDEAL_PART,BUILDING_ID,ENTRANCE_ID) values (1359515108,108,5,0.536,1359515,5);
Insert into APARTMENTS (AP_ID,AP_NUMBER,AP_FLOOR,IDEAL_PART,BUILDING_ID,ENTRANCE_ID) values (1359515109,109,5,0.412,1359515,5);
Insert into APARTMENTS (AP_ID,AP_NUMBER,AP_FLOOR,IDEAL_PART,BUILDING_ID,ENTRANCE_ID) values (1359515110,110,5,0.742,1359515,5);
Insert into APARTMENTS (AP_ID,AP_NUMBER,AP_FLOOR,IDEAL_PART,BUILDING_ID,ENTRANCE_ID) values (1359515111,111,6,0.532,1359515,5);
Insert into APARTMENTS (AP_ID,AP_NUMBER,AP_FLOOR,IDEAL_PART,BUILDING_ID,ENTRANCE_ID) values (1359515112,112,6,0.407,1359515,5);
Insert into APARTMENTS (AP_ID,AP_NUMBER,AP_FLOOR,IDEAL_PART,BUILDING_ID,ENTRANCE_ID) values (1359515113,113,6,0.733,1359515,5);
Insert into APARTMENTS (AP_ID,AP_NUMBER,AP_FLOOR,IDEAL_PART,BUILDING_ID,ENTRANCE_ID) values (1359515114,114,7,0.524,1359515,5);
Insert into APARTMENTS (AP_ID,AP_NUMBER,AP_FLOOR,IDEAL_PART,BUILDING_ID,ENTRANCE_ID) values (1359515115,115,7,0.401,1359515,5);
Insert into APARTMENTS (AP_ID,AP_NUMBER,AP_FLOOR,IDEAL_PART,BUILDING_ID,ENTRANCE_ID) values (1359515116,116,7,0.725,1359515,5);
Insert into APARTMENTS (AP_ID,AP_NUMBER,AP_FLOOR,IDEAL_PART,BUILDING_ID,ENTRANCE_ID) values (1359515117,117,8,0.518,1359515,5);
Insert into APARTMENTS (AP_ID,AP_NUMBER,AP_FLOOR,IDEAL_PART,BUILDING_ID,ENTRANCE_ID) values (1359515118,118,8,0.369,1359515,5);
Insert into APARTMENTS (AP_ID,AP_NUMBER,AP_FLOOR,IDEAL_PART,BUILDING_ID,ENTRANCE_ID) values (1359515119,119,8,0.667,1359515,5);
